{
    "name": "Kite",
    "id": "266210999",
    "previewImg": "preview",
    "elementsNormal": [
        {
            "type": "element",
            "x": 0,
            "y": 0,
            "image": "image_0000"
        },
        {
            "type": "element",
            "x": 87,
            "y": 313,
            "image": "image_0001"
        },
        {
            "type": "element",
            "x": 95,
            "y": 75,
            "image": "image_0002"
        },
        {
            "type": "element",
            "x": 95,
            "y": 52,
            "image": "image_0005"
        },
        {
            "type": "widge_dignum",
            "x": 100,
            "y": 34,
            "showCount": 2,
            "spacing": 8,
            "align": 2,
            "showZero": true,
            "dataSrc": "1832",
            "imageList": [
                "imagelist_0010_0000",
                "imagelist_0010_0001",
                "imagelist_0010_0002",
                "imagelist_0010_0003",
                "imagelist_0010_0004",
                "imagelist_0010_0005",
                "imagelist_0010_0006",
                "imagelist_0010_0007",
                "imagelist_0010_0008",
                "imagelist_0010_0009"
            ]
        },
        {
            "type": "widge_imagelist",
            "x": 42,
            "y": 70,
            "dataSrc": "0A11",
            "imageList": [
                "imagelist_0002_0000",
                "imagelist_0002_0001",
                "imagelist_0002_0002",
                "imagelist_0002_0003",
                "imagelist_0002_0004",
                "imagelist_0002_0005",
                "imagelist_0002_0006",
                "imagelist_0002_0007",
                "imagelist_0002_0008",
                "imagelist_0002_0009"
            ]
        },
        {
            "type": "widge_imagelist",
            "x": 67,
            "y": 70,
            "dataSrc": "0911",
            "imageList": [
                "imagelist_0008_0000",
                "imagelist_0008_0001",
                "imagelist_0008_0002",
                "imagelist_0008_0003",
                "imagelist_0008_0004",
                "imagelist_0008_0005",
                "imagelist_0008_0006",
                "imagelist_0008_0007",
                "imagelist_0008_0008",
                "imagelist_0008_0009"
            ]
        },
        {
            "type": "widge_imagelist",
            "x": 106,
            "y": 70,
            "dataSrc": "1211",
            "imageList": [
                "imagelist_0003_0000",
                "imagelist_0003_0001",
                "imagelist_0003_0002",
                "imagelist_0003_0003",
                "imagelist_0003_0004",
                "imagelist_0003_0005",
                "imagelist_0003_0006",
                "imagelist_0003_0007",
                "imagelist_0003_0008",
                "imagelist_0003_0009"
            ]
        },
        {
            "type": "widge_imagelist",
            "x": 131,
            "y": 70,
            "dataSrc": "1111",
            "imageList": [
                "imagelist_0003_0000",
                "imagelist_0003_0001",
                "imagelist_0003_0002",
                "imagelist_0003_0003",
                "imagelist_0003_0004",
                "imagelist_0003_0005",
                "imagelist_0003_0006",
                "imagelist_0003_0007",
                "imagelist_0003_0008",
                "imagelist_0003_0009"
            ]
        },
        {
            "type": "widge_dignum",
            "x": 190,
            "y": 253,
            "showCount": 2,
            "spacing": 8,
            "align": 0,
            "showZero": true,
            "dataSrc": "2031",
            "imageList": [
                "imagelist_0005_0000",
                "imagelist_0005_0001",
                "imagelist_0005_0002",
                "imagelist_0005_0003",
                "imagelist_0005_0004",
                "imagelist_0005_0005",
                "imagelist_0005_0006",
                "imagelist_0005_0007",
                "imagelist_0005_0008",
                "imagelist_0005_0009"
            ]
        },
        {
            "type": "widge_dignum",
            "x": 96,
            "y": 399,
            "showCount": 5,
            "spacing": 0,
            "align": 2,
            "showZero": false,
            "dataSrc": "2032",
            "imageList": [
                "imagelist_0000_0000",
                "imagelist_0000_0001",
                "imagelist_0000_0002",
                "imagelist_0000_0003",
                "imagelist_0000_0004",
                "imagelist_0000_0005",
                "imagelist_0000_0006",
                "imagelist_0000_0007",
                "imagelist_0000_0008",
                "imagelist_0000_0009"
            ],
            "image": "image_0004"
        }
    ],
    "elementsAod": [
        {
            "type": "element",
            "x": 92,
            "y": 70,
            "image": "image_0000"
        },
        {
            "type": "widge_imagelist",
            "x": 52,
            "y": 34,
            "dataSrc": "2012",
            "imageList": [
                "imagelist_0000_0000",
                "imagelist_0000_0001",
                "imagelist_0000_0002",
                "imagelist_0000_0003",
                "imagelist_0000_0004",
                "imagelist_0000_0005",
                "imagelist_0000_0006"
            ]
        },
        {
            "type": "widge_dignum",
            "x": 42,
            "y": 70,
            "showCount": 2,
            "spacing": 0,
            "align": 1,
            "showZero": true,
            "dataSrc": "1012",
            "imageList": [
                "imagelist_0001_0000",
                "imagelist_0001_0001",
                "imagelist_0001_0002",
                "imagelist_0001_0003",
                "imagelist_0001_0004",
                "imagelist_0001_0005",
                "imagelist_0001_0006",
                "imagelist_0001_0007",
                "imagelist_0001_0008",
                "imagelist_0001_0009"
            ]
        },
        {
            "type": "widge_dignum",
            "x": 106,
            "y": 70,
            "showCount": 2,
            "spacing": 0,
            "align": 1,
            "showZero": true,
            "dataSrc": "1812",
            "imageList": [
                "imagelist_0002_0000",
                "imagelist_0002_0001",
                "imagelist_0002_0002",
                "imagelist_0002_0003",
                "imagelist_0002_0004",
                "imagelist_0002_0005",
                "imagelist_0002_0006",
                "imagelist_0002_0007",
                "imagelist_0002_0008",
                "imagelist_0002_0009"
            ]
        },
        {
            "type": "widge_dignum",
            "x": 6,
            "y": 152,
            "showCount": 2,
            "spacing": 0,
            "align": 1,
            "showZero": false,
            "dataSrc": "0A11",
            "imageList": [
                "imagelist_0003_0000",
                "imagelist_0003_0001",
                "imagelist_0003_0002",
                "imagelist_0003_0003",
                "imagelist_0003_0004",
                "imagelist_0003_0005",
                "imagelist_0003_0006",
                "imagelist_0003_0007",
                "imagelist_0003_0008",
                "imagelist_0003_0009"
            ]
        },
        {
            "type": "widge_dignum",
            "x": 96,
            "y": 152,
            "showCount": 2,
            "spacing": 0,
            "align": 1,
            "showZero": false,
            "dataSrc": "0911",
            "imageList": [
                "imagelist_0004_0000",
                "imagelist_0004_0001",
                "imagelist_0004_0002",
                "imagelist_0004_0003",
                "imagelist_0004_0004",
                "imagelist_0004_0005",
                "imagelist_0004_0006",
                "imagelist_0004_0007",
                "imagelist_0004_0008",
                "imagelist_0004_0009"
            ]
        },
        {
            "type": "widge_dignum",
            "x": 6,
            "y": 244,
            "showCount": 2,
            "spacing": 0,
            "align": 1,
            "showZero": false,
            "dataSrc": "1211",
            "imageList": [
                "imagelist_0005_0000",
                "imagelist_0005_0001",
                "imagelist_0005_0002",
                "imagelist_0005_0003",
                "imagelist_0005_0004",
                "imagelist_0005_0005",
                "imagelist_0005_0006",
                "imagelist_0005_0007",
                "imagelist_0005_0008",
                "imagelist_0005_0009"
            ]
        },
        {
            "type": "widge_dignum",
            "x": 96,
            "y": 244,
            "showCount": 2,
            "spacing": 0,
            "align": 1,
            "showZero": false,
            "dataSrc": "1111",
            "imageList": [
                "imagelist_0006_0000",
                "imagelist_0006_0001",
                "imagelist_0006_0002",
                "imagelist_0006_0003",
                "imagelist_0006_0004",
                "imagelist_0006_0005",
                "imagelist_0006_0006",
                "imagelist_0006_0007",
                "imagelist_0006_0008",
                "imagelist_0006_0009"
            ]
        }
    ]
}